{"time": {"totalTime": 2.251695156097412, "hs": [], "opt": [[0.14195704460144043], [0.0011479854583740234, 0.000904083251953125, 0.0007688999176025391, 0.0007989406585693359, 0.0008308887481689453, 0.0010218620300292969, 0.0008149147033691406, 0.0008149147033691406, 0.000827789306640625], [0.0007622241973876953, 0.0008499622344970703, 0.000782012939453125, 0.0008158683776855469, 0.0008261203765869141, 0.0009200572967529297, 0.002176046371459961, 0.0028951168060302734, 0.0029578208923339844, 0.003226041793823242, 0.0025501251220703125], [0.0029807090759277344, 0.00270843505859375, 0.0030410289764404297, 0.004113912582397461, 0.003276824951171875], [0.0021648406982421875, 0.0031900405883789062, 0.003046751022338867, 0.00308990478515625, 0.003576993942260742], [0.0034160614013671875], [0.006443023681640625, 0.007605075836181641], [0.0033190250396728516, 0.008157014846801758, 0.008784294128417969, 0.00654292106628418, 0.006691932678222656], [0.0030319690704345703, 0.006246805191040039], [0.005015134811401367, 0.007112979888916016, 0.007509946823120117], [0.005239963531494141, 0.005881786346435547], [0.0038788318634033203, 0.007910728454589844], [0.0032639503479003906, 0.002892017364501953, 0.01082611083984375, 0.01347208023071289, 0.011295080184936523], [0.0032761096954345703, 0.003445863723754883, 0.009887218475341797, 0.008832216262817383, 0.006570100784301758], [0.005202054977416992, 0.0049059391021728516], [0.003016948699951172, 0.0034530162811279297], [0.0050542354583740234, 0.003576040267944336], [0.0032808780670166016, 0.006498813629150391, 0.00498199462890625], [0.003970146179199219, 0.007037162780761719, 0.0045108795166015625, 0.0069348812103271484, 0.005731821060180664], [0.004832029342651367, 0.0032999515533447266, 0.003384113311767578], [0.0032939910888671875, 0.002502918243408203, 0.002624034881591797], [0.002604961395263672, 0.0024139881134033203, 0.0028228759765625], [0.00251007080078125, 0.0028982162475585938]], "sat": [[0.0007200241088867188, 0.00018715858459472656, 0.00015997886657714844, 0.00023818016052246094, 0.00013208389282226562, 0.0005218982696533203, 0.0001480579376220703, 0.0001480579376220703, 4.6253204345703125e-05], [0.00011706352233886719, 0.00013709068298339844, 0.00014519691467285156, 0.00014209747314453125, 0.00013685226440429688, 0.00014710426330566406, 0.0001609325408935547, 0.00017380714416503906, 0.00016427040100097656, 0.00026917457580566406, 5.602836608886719e-05], [0.00027298927307128906, 0.0001609325408935547, 0.0001621246337890625, 0.0001690387725830078, 5.698204040527344e-05], [0.0002307891845703125, 0.0001392364501953125, 0.0001361370086669922, 0.0001361370086669922, 4.9114227294921875e-05], [0.00017499923706054688], [0.00025582313537597656, 5.6743621826171875e-05], [0.0002777576446533203, 0.0001609325408935547, 0.001188039779663086, 0.00015997886657714844, 6.29425048828125e-05], [0.00025391578674316406, 6.198883056640625e-05], [0.0002796649932861328, 0.000164031982421875, 5.888938903808594e-05], [0.0003459453582763672, 6.079673767089844e-05], [0.00026226043701171875, 7.772445678710938e-05], [0.0012049674987792969, 0.00015783309936523438, 0.00015401840209960938, 0.00015997886657714844, 6.818771362304688e-05], [0.00024509429931640625, 0.00016880035400390625, 0.00015616416931152344, 0.0002288818359375, 5.793571472167969e-05], [0.0020470619201660156, 5.507469177246094e-05], [0.0002193450927734375, 5.507469177246094e-05], [0.00023865699768066406, 6.699562072753906e-05], [0.00023317337036132812, 0.0001430511474609375, 6.127357482910156e-05], [0.00023603439331054688, 0.0001499652862548828, 0.00014495849609375, 0.00015282630920410156, 5.4836273193359375e-05], [0.000766754150390625, 0.0001399517059326172, 5.2928924560546875e-05], [0.00027298927307128906, 0.0001399517059326172, 6.699562072753906e-05], [0.0002372264862060547, 0.00013899803161621094, 5.412101745605469e-05], [0.00023698806762695312, 7.319450378417969e-05]], "grow": [[0.017615079879760742, 0.01492929458618164, 0.01522684097290039, 0.015315055847167969, 0.015098810195922852, 0.015352249145507812, 0.039164066314697266, 0.014805078506469727], [0.015692949295043945, 0.015520095825195312, 0.015938758850097656, 0.0173037052154541, 0.016299962997436523, 0.017148971557617188, 0.018781185150146484, 0.017115116119384766, 0.019026994705200195, 0.017240047454833984], [0.023659706115722656, 0.02638697624206543, 0.025293827056884766, 0.018770217895507812], [0.015454292297363281, 0.015963077545166016, 0.016466140747070312, 0.016453027725219727], [], [0.017757177352905273], [0.01726222038269043, 0.017408132553100586, 0.020847797393798828, 0.017863035202026367], [0.015900135040283203], [0.01647186279296875, 0.017572879791259766], [0.01721811294555664], [0.01815009117126465], [0.023869991302490234, 0.018825769424438477, 0.020105838775634766, 0.04181981086730957], [0.02344489097595215, 0.02019190788269043, 0.021245956420898438, 0.02130413055419922], [0.020488262176513672], [0.02296280860900879], [0.018373727798461914], [0.017344951629638672, 0.017926931381225586], [0.019022703170776367, 0.020028114318847656, 0.01941394805908203, 0.019002199172973633], [0.01955580711364746, 0.017502784729003906], [0.015420913696289062, 0.017544984817504883], [0.017158985137939453, 0.016534090042114258], [0.016295194625854492]], "explain": [0.16278290748596191, 0.19549894332885742, 0.1151280403137207, 0.08285379409790039, 0.005648136138916016, 0.03415083885192871, 0.11157608032226562, 0.027563095092773438, 0.056517839431762695, 0.03084087371826172, 0.0325319766998291, 0.15083885192871094, 0.12265706062316895, 0.03470468521118164, 0.03165006637573242, 0.03047013282775879, 0.05279207229614258, 0.10901689529418945, 0.05237007141113281, 0.043890953063964844, 0.04400014877319336, 0.023954153060913086], "cumul_explain": [0.30668115615844727, 0.5242722034454346, 0.6627209186553955, 0.7683849334716797, 0.7964332103729248, 0.8533840179443359, 0.9884259700775146, 1.038649082183838, 1.1177399158477783, 1.1718928813934326, 1.228456974029541, 1.4093492031097412, 1.5613000392913818, 1.6280229091644287, 1.6898560523986816, 1.7463748455047607, 1.8268091678619385, 1.9624419212341309, 2.0437099933624268, 2.1109020709991455, 2.177320957183838, 2.2258081436157227], "prop": [0.0013501644134521484, 0.022024869918823242, 0.023288965225219727, 0.02277827262878418, 0.02236795425415039, 0.022764921188354492, 0.02343583106994629, 0.022622108459472656, 0.022538185119628906, 0.02327585220336914, 0.02399468421936035, 0.02994704246520996, 0.029254913330078125, 0.03198122978210449, 0.030148744583129883, 0.026009798049926758, 0.027537822723388672, 0.026575088500976562, 0.028858184814453125, 0.023263931274414062, 0.02237081527709961, 0.024497032165527344, 0.02582406997680664], "mus": [], "greedyBestStep": [], "preprocess": 0.1425330638885498, "preseeding": [], "postprocessing": [], "timeout": 0, "timedout": false}, "numbers": {"hs": [9, 11, 5, 5, 1, 2, 5, 2, 3, 2, 2, 5, 5, 2, 2, 2, 3, 5, 3, 3, 3, 2], "opt": [9, 11, 5, 5, 1, 2, 5, 2, 3, 2, 2, 5, 5, 2, 2, 2, 3, 5, 3, 3, 3, 2], "sat": [9, 11, 5, 5, 1, 2, 5, 2, 3, 2, 2, 5, 5, 2, 2, 2, 3, 5, 3, 3, 3, 2], "grow": [8, 10, 4, 4, 0, 1, 4, 1, 2, 1, 1, 4, 4, 1, 1, 1, 2, 4, 2, 2, 2, 1], "skipped": [], "prop": 0, "explained": 36}, "explanation": [{"constraints": [], "derived": [33, 36, 5, 37, 6, 14, 16, 18, 27], "cost": 1}, {"constraints": [46], "derived": [-15, -19, -17], "cost": 21}, {"constraints": [85], "derived": [-35], "cost": 21}, {"constraints": [89], "derived": [7], "cost": 21}, {"constraints": [141], "derived": [21], "cost": 21}, {"constraints": [88], "derived": [4], "cost": 21}, {"constraints": [-15, 51], "derived": [9, 3], "cost": 22}, {"constraints": [146, -17], "derived": [11], "cost": 22}, {"constraints": [4, 118], "derived": [-10], "cost": 22}, {"constraints": [107, -35], "derived": [34], "cost": 22}, {"constraints": [49, 34], "derived": [-32], "cost": 22}, {"constraints": [53, -35, -17], "derived": [29, 23], "cost": 23}, {"constraints": [34, 4, 58],