{"time": {"totalTime": 1.3048927783966064, "hs": [], "opt": [[0.04439496994018555], [0.001135110855102539, 0.0010230541229248047, 0.0007638931274414062, 0.0007791519165039062, 0.0007860660552978516, 0.0008938312530517578, 0.0007970333099365234, 0.0008361339569091797, 0.0008347034454345703], [0.0007929801940917969, 0.0008168220520019531, 0.0008020401000976562, 0.0008020401000976562, 0.0008530616760253906, 0.0008111000061035156, 0.0021610260009765625, 0.0029020309448242188, 0.0025238990783691406, 0.002655029296875, 0.002469778060913086], [0.002043008804321289, 0.002507925033569336, 0.00286102294921875, 0.0031349658966064453, 0.0029840469360351562], [0.002215862274169922, 0.0031957626342773438, 0.0031499862670898438, 0.0032341480255126953, 0.003694772720336914], [0.0032939910888671875], [0.0065212249755859375, 0.007137775421142578], [0.0025017261505126953, 0.006807804107666016, 0.006473064422607422, 0.006268978118896484, 0.0057871341705322266], [0.002597808837890625, 0.0067479610443115234], [0.004712104797363281, 0.006924867630004883, 0.006878852844238281], [0.005288839340209961, 0.0053021907806396484], [0.002218008041381836, 0.006819009780883789], [0.0021791458129882812, 0.0031049251556396484, 0.00818777084350586, 0.010968923568725586, 0.007572174072265625], [0.003116130828857422, 0.0031948089599609375, 0.0062770843505859375, 0.0068590641021728516, 0.006775856018066406], [0.003020048141479492, 0.004801034927368164], [0.0031349658966064453, 0.0033500194549560547], [0.005816221237182617, 0.003227710723876953], [0.003407716751098633, 0.004349231719970703, 0.004783153533935547], [0.003973960876464844, 0.004378795623779297, 0.004459857940673828, 0.004364013671875, 0.005663871765136719], [0.003171205520629883, 0.0032660961151123047, 0.0036318302154541016], [0.0033020973205566406, 0.0027997493743896484, 0.0025300979614257812], [0.0026280879974365234, 0.0026540756225585938, 0.002549886703491211], [0.002688884735107422, 0.0026628971099853516]], "sat": [[0.0006110668182373047, 0.00024008750915527344, 0.00013303756713867188, 0.00018715858459472656, 0.00013399124145507812, 0.0001361370086669922, 0.00013494491577148438, 0.00013303756713867188, 4.076957702636719e-05], [0.00010991096496582031, 0.00015616416931152344, 0.000141143798828125, 0.00012803077697753906, 0.00013637542724609375, 0.00012993812561035156, 0.000141143798828125, 0.00023293495178222656, 0.00015091896057128906, 0.00014591217041015625, 5.1975250244140625e-05], [0.00024390220642089844, 0.0001537799835205078, 0.0003509521484375, 0.0001480579376220703, 4.506111145019531e-05], [0.00024080276489257812, 0.0001430511474609375, 0.0001430511474609375, 0.00014400482177734375, 4.8160552978515625e-05], [0.0001442432403564453], [0.0002498626708984375, 5.125999450683594e-05], [0.0002448558807373047, 0.00015425682067871094, 0.0001518726348876953, 0.00014901161193847656, 6.008148193359375e-05], [0.0002512931823730469, 5.1021575927734375e-05], [0.00024700164794921875, 0.0001537799835205078, 5.2928924560546875e-05], [0.0002472400665283203, 5.1975250244140625e-05], [0.000225067138671875, 5.5789947509765625e-05], [0.00022983551025390625, 0.00014901161193847656, 0.0001461505889892578, 0.00015115737915039062, 7.176399230957031e-05], [0.0002639293670654297, 0.00014495849609375, 0.00015091896057128906, 0.00015211105346679688, 5.602836608886719e-05], [0.0002779960632324219, 5.078315734863281e-05], [0.00023698806762695312, 4.482269287109375e-05], [0.00024890899658203125, 4.601478576660156e-05], [0.0002448558807373047, 0.0001590251922607422, 6.508827209472656e-05], [0.0002551078796386719, 0.00017786026000976562, 0.00015735626220703125, 0.00014901161193847656, 5.7220458984375e-05], [0.00021886825561523438, 0.0001347064971923828, 8.797645568847656e-05], [0.0002200603485107422, 0.0001552104949951172, 9.989738464355469e-05], [0.000247955322265625, 0.00015616416931152344, 4.887580871582031e-05], [0.0002377033233642578, 5.1021575927734375e-05]], "grow": [[0.008421182632446289, 0.00851893424987793, 0.007559776306152344, 0.008110761642456055, 0.007876157760620117, 0.0076901912689208984, 0.008852005004882812, 0.0073850154876708984], [0.008170843124389648, 0.008371829986572266, 0.008149862289428711, 0.008083343505859375, 0.007478952407836914, 0.008276939392089844, 0.00811910629272461, 0.008179903030395508, 0.023174762725830078, 0.007795095443725586], [0.007628917694091797, 0.008215188980102539, 0.008112907409667969, 0.007890939712524414], [0.008064985275268555, 0.008316993713378906, 0.00873708724975586, 0.008103132247924805], [], [0.008400917053222656], [0.00781393051147461, 0.008022069931030273, 0.0077021121978759766, 0.008172750473022461], [0.008118629455566406], [0.008560895919799805, 0.008550167083740234], [0.00823974609375], [0.007986783981323242], [0.008097171783447266, 0.007668972015380859, 0.008758783340454102, 0.008496761322021484], [0.008233070373535156, 0.007595062255859375, 0.00877523422241211, 0.008220911026000977], [0.008457183837890625], [0.008168935775756836], [0.009325027465820312], [0.007968902587890625, 0.00810694694519043], [0.007692098617553711, 0.008269071578979492, 0.00861501693725586, 0.008203983306884766], [0.008327007293701172, 0.007812976837158203], [0.007966995239257812, 0.008189916610717773], [0.008209228515625, 0.008310079574584961], [0.00794219970703125]], "explain": [0.07728266716003418, 0.11727786064147949, 0.04797697067260742, 0.050885915756225586, 0.004028797149658203, 0.023179054260253906, 0.06161785125732422, 0.018566131591796875, 0.03702807426452637, 0.01994609832763672, 0.018117904663085938, 0.06693601608276367, 0.060984134674072266, 0.0174868106842041, 0.015641212463378906, 0.019608736038208008, 0.029911041259765625, 0.05744290351867676, 0.027459144592285156, 0.026034116744995117, 0.025609970092773438, 0.014270305633544922], "cumul_explain": [0.1221468448638916, 0.2584519386291504, 0.3254427909851074, 0.39525580406188965, 0.4188239574432373, 0.4610869884490967, 0.541881799697876, 0.5798578262329102, 0.6368310451507568, 0.6759698390960693, 0.7136578559875488, 0.7994978427886963, 0.8793678283691406, 0.9157369136810303, 0.9501760005950928, 0.9891777038574219, 1.0383460521697998, 1.114649772644043, 1.1615159511566162, 1.206859827041626, 1.2518699169158936, 1.2850897312164307], "prop": [0.00034689903259277344, 0.019009113311767578, 0.0189821720123291, 0.018908977508544922, 0.019520044326782227, 0.01906728744506836, 0.019160032272338867, 0.019392728805541992, 0.019926071166992188, 0.019176006317138672, 0.019551992416381836, 0.018887758255004883, 0.018864870071411133, 0.018863201141357422, 0.018783092498779297, 0.01937389373779297, 0.01923990249633789, 0.01884293556213379, 0.019390106201171875, 0.019287109375, 0.01938319206237793, 0.018932819366455078, 0.01978611946105957], "mus": [], "greedyBestStep": [], "preprocess": 0.04444289207458496, "preseeding": [], "postprocessing": [], "timeout": 0, "timedout": false}, "numbers": {"hs": [9, 11, 5, 5, 1, 2, 5, 2, 3, 2, 2, 5, 5, 2, 2, 2, 3, 5, 3, 3, 3, 2], "opt": [9, 11, 5, 5, 1, 2, 5, 2, 3, 2, 2, 5, 5, 2, 2, 2, 3, 5, 3, 3, 3, 2], "sat": [9, 11, 5, 5, 1, 2, 5, 2, 3, 2, 2, 5, 5, 2, 2, 2, 3, 5, 3, 3, 3, 2], "grow": [8, 10, 4, 4, 0, 1, 4, 1, 2, 1, 1, 4, 4, 1, 1, 1, 2, 4, 2, 2, 2, 1], "skipped": [], "prop": 0, "explained": 36}, "explanation": [{"constraints": [], "derived": [33, 36, 5, 37, 6, 14, 16, 18, 27], "cost": 1}, {"constraints": [46], "derived": [-15, -19, -17], "cost": 21}, {"constraints": [85], "derived": [-35], "cost": 21}, {"constraints": [89], "derived": [7], "cost": 21}, {"constraints": [141], "derived": [21], "cost": 21}, {"constraints": [88], "derived": [4], "cost": 21}, {"constraints": [-15, 51], "derived": [9, 3], "cost": 22}, {"constraints": [146, -17], "derived": [11], "cost": 22}, {"constraints": [4, 118], "derived": [-10], "cost": 22}, {"constraints": [107, -35], "derived": [34], "cost": 22}, {"constraints": [49, 34], "derived": [-32], "cost": 22}, {"constraints": [53, -35, -17], "derived": [29, 23], "cost": 23}, {"constraints": [34, 4, 58],