{"time": {"totalTime": 0.5082812309265137, "hs": [], "opt": [[0.028008222579956055], [0.000614166259765625, 0.0004990100860595703, 0.0005047321319580078, 0.0003781318664550781, 0.00039768218994140625, 0.00036978721618652344, 0.0003781318664550781, 0.00038504600524902344, 0.0004200935363769531, 0.00040793418884277344, 0.0003819465637207031, 0.0003848075866699219, 0.0004968643188476562, 0.00041174888610839844, 0.0023250579833984375, 0.0016608238220214844, 0.001825094223022461, 0.0021660327911376953, 0.0019769668579101562, 0.0024209022521972656, 0.0021820068359375, 0.0031616687774658203, 0.00234222412109375, 0.002414226531982422, 0.0045549869537353516, 0.003380298614501953, 0.0036950111389160156, 0.0044231414794921875, 0.0023500919342041016], [0.0018699169158935547, 0.00432896614074707, 0.004560947418212891], [0.00454401969909668, 0.003928184509277344, 0.004048824310302734, 0.0060291290283203125, 0.00610804557800293, 0.006175994873046875, 0.006575107574462891], [0.007094144821166992, 0.006658077239990234, 0.009171009063720703], [0.007205963134765625, 0.007909297943115234], [0.005194902420043945, 0.0115966796875, 0.008509159088134766], [0.005373954772949219], [0.010426044464111328], [0.0064678192138671875, 0.007318019866943359, 0.00731205940246582, 0.007421970367431641, 0.007280111312866211], [0.0103759765625], [0.004492044448852539, 0.004956960678100586], [0.003947019577026367, 0.00433802604675293], [0.0038018226623535156], [0.003674745559692383, 0.0052111148834228516], [0.002704143524169922, 0.004238128662109375], [0.002878904342651367, 0.0032241344451904297, 0.0058400630950927734], [0.005398988723754883, 0.003381013870239258, 0.0030829906463623047], [0.003019094467163086, 0.003036022186279297, 0.004769086837768555], [0.0042629241943359375]], "sat": [[7.700920104980469e-05, 5.412101745605469e-05, 7.081031799316406e-05, 6.413459777832031e-05, 5.1021575927734375e-05, 5.1021575927734375e-05, 5.1021575927734375e-05, 4.982948303222656e-05, 0.00012111663818359375, 5.078315734863281e-05, 4.887580871582031e-05, 4.887580871582031e-05, 5.412101745605469e-05, 7.796287536621094e-05, 5.817413330078125e-05, 5.7220458984375e-05, 5.364418029785156e-05, 5.7697296142578125e-05, 6.508827209472656e-05, 5.91278076171875e-05, 5.91278076171875e-05, 7.104873657226562e-05, 5.984306335449219e-05, 6.103515625e-05, 6.103515625e-05, 6.413459777832031e-05, 0.00011587142944335938, 6.4849853515625e-05, 2.47955322265625e-05], [0.0001163482666015625, 6.222724914550781e-05, 3.314018249511719e-05], [9.107589721679688e-05, 6.198883056640625e-05, 6.103515625e-05, 6.198883056640625e-05, 6.508827209472656e-05, 6.4849853515625e-05, 3.314018249511719e-05], [9.393692016601562e-05, 6.508827209472656e-05, 3.1948089599609375e-05], [9.393692016601562e-05, 4.100799560546875e-05], [9.202957153320312e-05, 7.295608520507812e-05, 3.790855407714844e-05], [6.890296936035156e-05], [7.581710815429688e-05], [0.00011229515075683594, 8.797645568847656e-05, 7.915496826171875e-05, 7.605552673339844e-05, 4.482269287109375e-05], [0.00010013580322265625], [0.00010204315185546875, 4.38690185546875e-05], [0.00011205673217773438, 3.5762786865234375e-05], [5.91278076171875e-05], [9.489059448242188e-05, 3.5762786865234375e-05], [8.273124694824219e-05, 3.695487976074219e-05], [9.489059448242188e-05, 6.4849853515625e-05, 4.1961669921875e-05], [0.00010585784912109375, 7.677078247070312e-05, 2.9325485229492188e-05], [8.797645568847656e-05, 0.00010609626770019531, 3.910064697265625e-05], [5.698204040527344e-05]], "grow": [[0.002849102020263672, 0.002936840057373047, 0.0024650096893310547, 0.0022537708282470703, 0.0023012161254882812, 0.0021219253540039062, 0.0022940635681152344, 0.0026607513427734375, 0.003492116928100586, 0.0022678375244140625, 0.0020101070404052734, 0.0024051666259765625, 0.0020728111267089844, 0.002238750457763672, 0.0021228790283203125, 0.002294778823852539, 0.0023751258850097656, 0.0022308826446533203, 0.0024950504302978516, 0.0022537708282470703, 0.002270936965942383, 0.0023298263549804688, 0.0020830631256103516, 0.0021140575408935547, 0.0024461746215820312, 0.002777099609375, 0.002444028854370117, 0.0020155906677246094], [0.0021622180938720703, 0.0024900436401367188], [0.0027511119842529297, 0.0023589134216308594, 0.002344846725463867, 0.0023839473724365234, 0.00238800048828125, 0.002254962921142578], [0.002125978469848633, 0.0028400421142578125], [0.00213623046875], [0.0021109580993652344, 0.0022940635681152344], [], [], [0.0025229454040527344, 0.002496004104614258, 0.0027599334716796875, 0.002404928207397461], [], [0.002583026885986328], [0.0022797584533691406], [], [0.002321958541870117], [0.0023407936096191406], [0.002366304397583008, 0.002312183380126953], [0.002360105514526367, 0.002624034881591797], [0.0023059844970703125, 0.002331972122192383], []], "explain": [0.12010025978088379, 0.016014814376831055, 0.0531308650970459, 0.028476953506469727, 0.017734050750732422, 0.03037118911743164, 0.005686044692993164, 0.010727167129516602, 0.04704999923706055, 0.010715007781982422, 0.012564897537231445, 0.011029958724975586, 0.00408482551574707, 0.011685848236083984, 0.009709835052490234, 0.01722407341003418, 0.01748800277709961, 0.016073942184448242, 0.0045318603515625], "cumul_explain": [0.14827322959899902, 0.16622018814086914, 0.22135019302368164, 0.25174498558044434, 0.2714192867279053, 0.30373406410217285, 0.3113679885864258, 0.32401609420776367, 0.3730320930480957, 0.3856031894683838, 0.39998531341552734, 0.41286301612854004, 0.41878414154052734, 0.4323389530181885, 0.4439361095428467, 0.46295928955078125, 0.4822111129760742, 0.5000381469726562, 0.5063800811767578], "prop": [0.00013899803161621094, 0.0019199848175048828, 0.001987934112548828, 0.0019049644470214844, 0.0019268989562988281, 0.0019311904907226562, 0.0019347667694091797, 0.001909017562866211, 0.0019521713256835938, 0.001840829849243164, 0.0018019676208496094, 0.0018329620361328125, 0.0018229484558105469, 0.0018570423126220703, 0.001873016357421875, 0.0017848014831542969, 0.001750946044921875, 0.001741170883178711, 0.0017979145050048828, 0.0018906593322753906], "mus": [], "greedyBestStep": [], "preprocess": 0.028028011322021484, "preseeding": [], "postprocessing": [], "timeout": 0, "timedout": false}, "numbers": {"hs": [29, 3, 7, 3, 2, 3, 1, 1, 5, 1, 2, 2, 1, 2, 2, 3, 3, 3, 1], "opt": [29, 3, 7, 3, 2, 3, 1, 1, 5, 1, 2, 2, 1, 2, 2, 3, 3, 3, 1], "sat": [29, 3, 7, 3, 2, 3, 1, 1, 5, 1, 2, 2, 1, 2, 2, 3, 3, 3, 1], "grow": [28, 2, 6, 2, 1, 2, 0, 0, 4, 0, 1, 1, 0, 1, 1, 2, 2, 2, 0], "skipped": [], "prop": 0, "explained": 25}, "explanation": [{"constraints": [40, 30], "derived": [25], "cost": 41}, {"constraints": [41, 27], "derived": [-5], "cost": 41}, {"constraints": [35, 54], "derived": [10], "cost": 41}, {"constraints": [48, 34], "derived": [19], "cost": 41}, {"constraints": [28, 55], "derived": [16], "cost": 41}, {"constraints": [51, 31], "derived": [22], "cost": 41}, {"constraints": [27, 36], "derived": [2, 3], "cost": 41}, {"constraints": [32, 37], "derived": [8], "cost": 41}, {"constraints": [45, 22, 30], "derived": [-23], "cost": 42}, {"constraints": [35, 54, -5], "derived": [15], "cost": 42}, {"constraints": [16, 43, 15], "derived": [-14, -13, -12], "cost": 23}, {"constraints": [33, -13], "derived": [-18], "cost": 22}, {"constraints": [34, -14], "derived": [-9], "cost": 22}, {"constraints": [37, -9], "derived": [11, 7], "cost": 22}, {"constraints": [48, -14, -9], "derived": [24, 4], "cost": 23}, {"constraints": [24, 25, 45, 22], "derived": [-26], "cost": 24}, {"constraints": [41, 2, 3, 4], "derived": [-6], "cost": 24}, {"constraints": [50, -6, -26], "derived": [21], "cost": 23}, {"constraints": [19, 44, 21], "derived": [-20, -17], "cost": 23}], "params": {"output": "thermometer.json", "instance": "", "timeout": null, "explanation_computer": "OCUS", "grow": "MAXSAT", "maxsatpolarity": true, "interpretation": "ACTUAL", "weighing": "UNIFORM", "reuse_SSes": false, "sort_literals": false}}